age,annual_income,debt_to_income_ratio,employment_years,num_credit_accounts,credit_utilization,loan_amount,loan_term,loan_type,employment_status,default
56,125186,0.46260548777783206,8,8,high,15905,12,home,unemployed,0
69,54674,0.3285275767678296,37,7,high,20882,12,auto,employed,0
46,55854,0.36484480404262587,5,11,medium,24041,12,auto,self-employed,0
32,66271,0.3175115631989597,18,6,low,34098,60,auto,employed,0
60,93688,0.44579715212293947,10,1,medium,47431,48,auto,unemployed,0
25,58518,0.3935639675814807,1,7,medium,38709,24,auto,retired,0
38,131076,0.30850412487216594,8,10,high,39675,36,auto,retired,0
56,30267,0.4472643216206188,20,7,low,9837,48,personal,self-employed,0
36,110825,0.19811421290213382,23,13,low,29489,36,home,self-employed,0
40,21062,0.1629362638810104,33,14,low,22627,48,personal,self-employed,0
28,136664,0.16416004213202884,21,9,low,10696,12,personal,retired,0
28,70448,0.23360355149809517,2,1,medium,18543,60,auto,self-employed,0
41,115462,0.19547601252040703,11,2,medium,17615,36,home,employed,0
53,26229,0.4720361402038955,27,11,high,6466,48,personal,retired,0
57,76793,0.1423336375314336,29,9,medium,35771,60,auto,unemployed,0
41,134813,0.37959629521583504,25,13,medium,23350,36,auto,retired,0
20,67915,0.17568861591400237,20,9,high,5375,24,home,employed,0
39,24632,0.45265485310814013,27,13,high,38030,48,personal,employed,0
19,124592,0.48452611527396294,25,6,high,25746,24,personal,self-employed,0
41,23596,0.28618800350799345,32,6,medium,27886,12,personal,retired,0
61,129779,0.4516285920912527,20,4,medium,49348,24,auto,retired,0
47,26168,0.10205806830188591,34,4,high,47904,24,home,retired,0
55,128099,0.4279787669632401,33,5,high,37651,48,home,unemployed,0
19,27561,0.1914500646099694,17,3,high,12833,12,personal,self-employed,1
38,93794,0.46348052370774717,10,1,medium,6893,24,auto,employed,0
50,102152,0.1004480445920438,22,1,medium,35573,60,personal,employed,0
29,145036,0.32247269401590284,21,12,low,36371,36,home,self-employed,0
39,144049,0.40265432151397385,16,13,medium,45874,24,auto,employed,0
61,46734,0.2034753322791632,4,7,medium,16826,12,personal,employed,0
42,26371,0.17725314583491725,10,1,medium,39420,24,personal,self-employed,0
66,138894,0.13363928978719386,29,1,high,26924,36,auto,employed,0
44,46069,0.2305734306013172,14,3,medium,38367,12,home,retired,0
59,99905,0.3239377249235318,26,10,high,26199,48,auto,unemployed,0
45,32910,0.14633754271210309,34,4,low,30868,12,personal,self-employed,0
33,93479,0.2506781447947195,32,4,low,13792,48,personal,unemployed,0
32,97735,0.10362896186109,19,2,high,25597,12,personal,employed,0
64,101264,0.4274717681999367,15,1,high,41405,36,personal,employed,0
68,43275,0.15137948723727657,33,3,high,37696,36,home,retired,0
61,92274,0.21333717930623264,1,11,medium,48123,12,home,self-employed,0
69,101449,0.107371087495287,34,4,low,20989,24,personal,employed,0
20,120776,0.27289631355700494,39,3,high,33931,36,home,self-employed,0
54,80004,0.4360486010964876,27,8,medium,14290,48,home,self-employed,0
68,82981,0.25686048457807864,38,14,low,43367,48,home,self-employed,0
24,104659,0.17179892936953337,5,10,medium,19342,60,personal,self-employed,0
38,74553,0.4014795336202077,8,1,low,29941,48,auto,self-employed,0
26,68447,0.41552279274829773,19,14,medium,18945,60,auto,unemployed,0
56,54529,0.16950139012302673,0,2,low,15762,12,auto,retired,0
35,146394,0.4083416434163959,7,13,low,35133,12,personal,self-employed,1
21,95703,0.47891915530253526,22,7,medium,45150,12,home,unemployed,0
42,96090,0.16655103477290895,2,4,high,32052,24,home,employed,0
31,37260,0.4083937170128542,3,8,low,46750,24,personal,self-employed,1
67,132581,0.38342880184105177,24,11,high,24953,60,personal,employed,0
26,23812,0.2894295553740354,37,13,medium,45475,48,auto,self-employed,0
43,48024,0.12316818422351933,14,3,high,22130,48,auto,unemployed,0
19,78656,0.1298777671031416,20,6,high,36086,12,personal,unemployed,0
37,136148,0.4409658636794591,34,9,high,9633,36,auto,unemployed,0
45,47285,0.49605934910025884,13,1,high,22304,24,home,retired,0
64,112436,0.37042090287470175,35,1,high,47037,24,personal,employed,0
24,136421,0.2783833228041286,11,8,low,37284,12,personal,retired,0
61,21605,0.3590294573607631,16,3,low,12008,24,home,self-employed,0
25,91158,0.3377583436914181,38,5,low,32405,12,home,employed,0
64,92303,0.25344490416224874,8,1,medium,41386,60,home,unemployed,0
52,47139,0.1262504578296052,34,5,high,30373,48,auto,employed,0
31,97149,0.42860517896297645,12,11,low,25827,36,personal,unemployed,0
34,76138,0.24873341169548985,14,6,medium,38040,48,auto,retired,0
53,138205,0.42751425734283754,17,8,low,18007,48,home,retired,0
67,96125,0.2010034998753529,32,13,low,23157,60,auto,unemployed,0
57,33918,0.10041179193825336,5,14,high,37157,24,home,unemployed,0
21,105655,0.16357531331070263,26,3,medium,40315,36,auto,self-employed,0
19,47446,0.28741576670743374,22,3,high,40932,24,auto,retired,0
23,144040,0.4777214539831319,26,12,high,26164,48,home,retired,0
59,33046,0.1408774478774876,33,11,low,19414,12,auto,self-employed,0
21,149922,0.44168390978462646,37,11,high,19327,48,personal,retired,0
46,44818,0.31080963848474485,13,10,medium,5946,24,auto,unemployed,0
35,120894,0.4303683063199587,35,9,high,19693,48,auto,employed,0
43,135751,0.21934977239599707,7,4,high,32241,12,personal,employed,0
61,24324,0.4359788658689888,34,4,high,35254,60,home,retired,0
51,96323,0.40912911200672186,18,12,low,20540,24,personal,self-employed,0
27,29111,0.19202147321257357,29,7,medium,11719,48,auto,unemployed,0
53,58110,0.15253405056375124,13,2,low,46203,24,home,employed,0
31,36389,0.4472217290129171,19,8,low,30081,60,auto,unemployed,0
48,142177,0.4852946613760528,24,6,low,16350,48,auto,retired,0
65,61427,0.1125209254990065,39,3,low,41358,48,personal,retired,0
32,99579,0.3925080267894743,23,9,low,37021,24,personal,employed,0
25,48746,0.46380980437912733,13,5,medium,47832,24,home,retired,0
31,142883,0.44294403683699946,25,8,high,33369,12,home,self-employed,0
40,107886,0.4858081889080834,37,7,low,36728,60,home,retired,1
57,127141,0.40403763137523885,22,14,low,22576,12,auto,retired,0
38,20117,0.2769195049523641,21,8,medium,34001,48,personal,retired,0
33,145808,0.2247807961980522,18,7,medium,22848,24,personal,unemployed,1
62,132221,0.22829709617525099,2,3,high,5390,48,personal,unemployed,0
35,104471,0.3897690690456468,18,2,medium,26999,48,home,employed,0
64,132613,0.3983348048123857,8,7,high,16569,36,personal,employed,0
41,33234,0.18014365741948507,27,3,low,18029,36,personal,employed,0
43,149597,0.4472491253962124,19,3,low,27490,48,personal,retired,0
42,123864,0.3859696160808991,6,2,high,40328,24,home,unemployed,0
62,73441,0.3251001145373531,13,4,medium,10867,48,personal,self-employed,0
58,20846,0.2886129840410051,8,8,high,20284,36,home,retired,0
46,30954,0.3172931223159833,18,12,medium,38979,24,personal,retired,0
32,99239,0.1636982953117058,13,1,low,14121,48,personal,retired,1
62,133689,0.1814804997105097,37,1,medium,6539,60,personal,self-employed,1
18,66514,0.13646579616247667,35,12,high,30488,60,home,employed,0
42,108236,0.16146321526444507,39,14,high,22027,48,home,self-employed,0
24,117579,0.2814774538421131,16,5,low,13693,24,personal,employed,0
26,148644,0.31214175749130246,29,11,medium,13921,48,auto,self-employed,1
41,26469,0.10714475699132775,8,5,medium,15310,48,home,unemployed,0
18,50105,0.418719131145611,32,11,medium,35908,36,home,retired,0
61,62101,0.21766718933739115,24,12,low,9386,60,personal,retired,0
25,84323,0.4647344139839644,13,1,medium,37263,36,auto,retired,0
41,111922,0.4870045054455111,10,6,high,33412,36,personal,employed,0
28,78067,0.17418354987066176,34,1,medium,22303,48,home,self-employed,0
68,69376,0.28483891630626423,13,5,low,17242,36,home,unemployed,0
34,65587,0.10049273406657036,29,9,medium,13947,60,personal,self-employed,0
25,56976,0.33933090604897076,3,12,medium,10930,36,personal,retired,0
52,124587,0.34292257930506853,3,14,high,43170,60,auto,unemployed,0
52,147534,0.1990159822413501,27,5,medium,5507,36,auto,unemployed,0
50,87584,0.3233650690332792,7,6,high,6436,60,home,retired,0
22,124537,0.1902160569774942,1,8,high,32151,36,auto,self-employed,0
59,98477,0.16433018763127605,21,11,low,16618,36,auto,retired,0
56,130911,0.3606077867209059,15,1,high,13750,24,home,self-employed,0
58,62533,0.23037018558082997,28,14,high,21122,60,home,unemployed,0
45,21828,0.336105575554249,29,2,low,12354,60,home,unemployed,0
24,21917,0.27329869958866226,11,9,high,49062,60,home,retired,0
26,40618,0.49374056296116164,34,3,low,35979,12,personal,unemployed,0
25,52254,0.1598322570670263,10,6,medium,25900,36,home,employed,0
29,125292,0.28583943865432404,20,5,low,18840,60,home,unemployed,0
51,136714,0.3721826505437301,20,11,high,42167,12,home,employed,0
50,67362,0.25821803355198747,4,2,low,10037,24,auto,unemployed,0
65,40128,0.489879940748276,19,14,high,33633,60,home,retired,0
40,143781,0.388755051170774,36,7,medium,29495,60,personal,retired,0
41,131281,0.36279354302579725,2,4,low,20848,12,personal,employed,0
54,79383,0.40282370704448933,32,1,medium,41483,36,home,retired,0
52,85545,0.4810594552154869,8,13,high,12837,24,personal,unemployed,0
61,102180,0.46312746119385606,8,4,high,39069,60,auto,unemployed,0
57,107958,0.38971412325056476,3,6,medium,12370,36,home,retired,0
39,29865,0.39966465564051323,34,7,low,11411,24,personal,unemployed,0
44,22219,0.15836882961405818,16,7,low,44133,48,personal,self-employed,0
52,59809,0.1411169617970663,33,14,high,35499,48,home,self-employed,0
18,136748,0.32836180073766574,23,7,medium,35225,24,personal,unemployed,0
52,25287,0.107347054776216,31,3,medium,5692,12,home,retired,0
54,146593,0.2929425526206366,0,6,low,33926,24,personal,employed,0
64,54387,0.18413983196754746,7,13,low,39246,24,auto,retired,0
31,28512,0.23840662705793583,22,8,low,44164,12,personal,employed,0
20,21342,0.41032189431718247,39,4,medium,13448,12,personal,retired,0
18,83076,0.47649500169295467,11,13,low,48390,36,home,unemployed,0
22,128872,0.1289665088585366,11,8,low,15073,36,personal,self-employed,0
43,39216,0.313696882390578,14,2,high,40414,12,home,retired,0
31,137512,0.45301339432784005,18,10,low,10209,48,auto,employed,0
56,136682,0.13300341377616853,25,9,low,11533,48,home,self-employed,0
44,113070,0.4298056187587336,28,9,medium,26061,24,home,employed,0
26,99767,0.24312054037130856,21,8,medium,12211,60,personal,unemployed,0
32,117829,0.22883788088773416,39,10,high,14927,24,auto,self-employed,0
32,46614,0.49098655452591433,20,14,low,16927,24,home,employed,0
43,56258,0.18034363594491767,37,13,high,29594,60,personal,retired,0
59,113789,0.37727757632907244,19,10,medium,14316,12,personal,unemployed,1
30,62078,0.4285762912039466,28,1,high,17177,48,home,unemployed,0
68,126288,0.11647339811170868,3,2,medium,15846,24,personal,unemployed,0
49,103524,0.36815418334176486,6,6,high,12933,60,home,retired,0
56,116573,0.4806199897421308,27,10,high,43244,36,home,retired,0
66,32219,0.14968798669122374,27,5,low,45696,24,home,self-employed,0
69,20235,0.4584885210740154,3,12,high,7080,48,auto,retired,0
49,62929,0.33791065495077444,21,14,low,11089,12,home,self-employed,0
21,147309,0.3466418327449896,11,9,low,31123,24,personal,unemployed,0
47,87444,0.3451776699462424,2,5,low,12797,24,auto,self-employed,0
54,28567,0.21953435453492554,21,2,low,13346,60,personal,employed,0
40,121834,0.4740807261197839,1,10,high,24878,36,auto,unemployed,0
56,90792,0.47894018505241553,23,4,medium,38672,36,auto,unemployed,0
62,85441,0.3501218640855791,33,9,medium,22653,12,auto,self-employed,0
32,104555,0.41336909037664593,26,1,medium,47742,48,auto,unemployed,0
60,93698,0.3449031943524632,0,11,high,31140,12,personal,retired,0
46,144450,0.29375937902961624,7,1,low,6184,24,home,employed,0
53,137248,0.36432804731970025,22,12,medium,39493,24,personal,self-employed,0
30,25415,0.3212005810367834,37,7,high,49148,36,home,self-employed,0
49,56159,0.33899034505277204,5,11,low,29846,48,personal,unemployed,1
24,63925,0.4135330213675448,21,3,medium,27195,60,auto,retired,1
68,146523,0.29236153257959396,24,10,low,10606,48,auto,unemployed,0
39,25951,0.11630164243698911,17,2,medium,8956,24,home,unemployed,0
45,107388,0.16559979239579892,16,9,medium,21555,60,home,self-employed,0
19,28007,0.2754428865958154,11,3,medium,29849,48,personal,unemployed,0
59,146730,0.3899306239496233,5,2,low,23690,48,home,employed,0
62,61832,0.33731145932407147,25,12,high,31347,60,personal,unemployed,0
23,78596,0.3601176743493816,26,8,low,38189,24,home,unemployed,1
45,141101,0.29171157143051496,7,10,medium,43308,48,home,self-employed,0
45,50523,0.34629680877689717,18,6,low,30785,60,home,unemployed,0
61,108861,0.2316069751258649,0,6,high,37698,24,auto,retired,0
61,144194,0.28807303707866605,28,10,low,20966,60,auto,self-employed,0
37,106740,0.3977116262379823,34,11,high,36097,60,personal,unemployed,0
47,35524,0.44873311158924845,39,7,high,20882,48,home,employed,0
28,149028,0.27346213358255556,13,7,low,9675,24,personal,employed,0
45,39282,0.11746466308294448,34,11,medium,46850,48,home,self-employed,0
42,43930,0.16466901765872105,19,13,high,18009,12,auto,self-employed,0
56,20077,0.10834445571661525,12,6,low,32843,12,auto,unemployed,0
50,125881,0.361305207694932,37,4,high,34793,24,home,retired,0
18,145501,0.2329258501420436,7,11,medium,44516,60,home,unemployed,0
44,40611,0.316991454287747,19,9,low,43871,48,auto,employed,0
69,36984,0.2973107387135199,32,6,low,22857,48,auto,retired,0
30,34060,0.13261059582097068,25,4,low,24627,24,personal,retired,0
58,102985,0.26130454444953277,38,12,medium,23565,24,auto,retired,0
20,104056,0.1882244499689293,20,3,high,31025,12,home,unemployed,0
56,145329,0.26735991546706106,8,4,low,32832,36,personal,employed,0
23,63303,0.1814313121368971,23,3,high,49116,24,home,self-employed,0
25,79207,0.43618096251077343,36,2,high,14782,36,personal,unemployed,0
44,95046,0.16967733463130147,16,14,medium,43650,24,home,self-employed,0
26,49287,0.48431222059479084,23,5,low,27366,60,auto,retired,0
54,113709,0.26636294645877634,20,2,high,33557,60,home,retired,0
50,59711,0.43849811680761974,38,6,low,10798,12,personal,unemployed,0
68,31954,0.35150592728237806,38,3,low,14627,12,home,employed,1
59,93340,0.3941401194663011,12,6,medium,46183,36,personal,retired,0
61,92101,0.4070895552267121,10,11,low,17466,24,home,self-employed,0
41,91520,0.30193795275720714,18,10,low,47614,48,auto,self-employed,0
32,107062,0.31732020934531535,10,9,high,17720,12,auto,unemployed,1
49,122974,0.30559834712349,12,1,medium,46913,48,home,self-employed,0
49,38574,0.3352233512360317,0,6,low,42292,48,home,employed,0
41,29184,0.11175777830260292,39,9,high,11559,24,home,retired,0
58,39096,0.2582060679396061,18,11,medium,45388,36,personal,self-employed,1
69,87728,0.3424754854244686,11,4,medium,24158,24,home,self-employed,0
66,54016,0.3390894261023457,7,11,high,35916,12,home,retired,0
66,31246,0.4171824378422526,7,12,high,27057,48,personal,unemployed,0
69,65558,0.3620037355328435,11,2,high,40892,24,auto,self-employed,0
29,138721,0.496853326536269,32,13,high,46439,24,home,unemployed,0
56,38381,0.21354181144345802,25,4,high,16706,24,home,unemployed,0
19,147796,0.2436604118664926,38,1,low,17070,12,auto,self-employed,0
20,56455,0.2535388607471185,27,3,low,45902,36,auto,employed,0
66,112263,0.2863251228080994,4,10,medium,5924,24,personal,unemployed,0
54,24018,0.4343992255124838,7,9,low,31478,12,home,self-employed,0
66,31302,0.19431683758368395,24,10,low,10506,48,home,unemployed,0
34,87506,0.41040008281417184,26,5,low,40163,60,personal,retired,0
66,61157,0.2621240732342974,22,11,high,29604,12,auto,employed,1
19,74917,0.3407421534648034,29,6,medium,20310,60,personal,employed,0
19,112738,0.35301621329052246,22,3,medium,13226,24,auto,retired,0
45,116646,0.2491394548755738,19,5,medium,16781,24,personal,retired,0
40,103122,0.3050460820823221,17,11,medium,10515,12,auto,unemployed,0
54,44519,0.2652124698590788,17,8,low,41133,60,personal,retired,0
49,116809,0.12765311447464778,1,6,low,21972,24,auto,employed,0
50,107487,0.27486615552673066,3,4,high,37092,48,auto,retired,0
18,76819,0.13895735702142087,29,2,medium,16410,36,auto,self-employed,0
36,100910,0.2620083196321286,32,14,low,24522,36,auto,self-employed,0
19,140430,0.33716735993271274,35,9,low,14095,24,auto,unemployed,1
61,91324,0.3317659597374003,17,13,high,28047,60,home,employed,0
43,25408,0.3650485116033282,36,12,high,25470,24,auto,self-employed,1
49,79379,0.13810460318185053,18,1,high,48129,60,home,retired,1
23,45053,0.36084929821217515,27,1,low,13531,48,auto,self-employed,0
49,29446,0.22485922267857883,39,13,low,42038,60,home,self-employed,0
21,20922,0.2596183784548445,19,4,high,27403,24,home,unemployed,0
28,118723,0.44319450156908236,32,7,medium,47674,48,personal,retired,0
34,71356,0.1036121616518201,11,1,high,34122,12,auto,retired,0
55,30789,0.3353650533362422,14,9,high,21940,36,personal,retired,1
41,117720,0.339485592040043,38,4,high,34831,24,personal,unemployed,0
22,86656,0.25866391053742477,1,3,high,16279,24,auto,retired,0
69,64028,0.19481114284333448,28,1,low,43220,24,personal,retired,0
51,84484,0.19386961530462044,9,10,medium,11477,48,auto,self-employed,0
23,52154,0.45348386786430106,1,4,high,22400,12,personal,self-employed,0
39,102870,0.276809749513143,10,9,medium,11470,60,auto,retired,0
28,22336,0.2323557451956688,12,13,medium,7062,12,auto,employed,0
65,123677,0.27951102953256124,9,14,medium,46798,48,auto,employed,0
33,87779,0.3677561605837446,13,10,high,24880,24,home,retired,0
50,39029,0.15830262729790068,17,6,low,39581,36,personal,employed,0
26,79201,0.2797735340854951,8,6,high,49439,24,home,unemployed,0
23,52265,0.3351537484441548,38,1,medium,19308,60,personal,self-employed,0
33,122916,0.4794333419405735,27,10,medium,31027,36,personal,unemployed,0
46,132250,0.2010111128301677,2,2,low,35720,24,personal,self-employed,0
20,136553,0.24370029916649824,19,11,high,40081,36,home,employed,0
37,63872,0.25174343596896953,5,6,medium,14706,12,personal,employed,0
53,66197,0.34221526305795313,26,2,low,14837,48,home,retired,0
36,145733,0.24269282121600066,1,3,medium,43599,24,auto,employed,0
43,75180,0.3134047701198782,28,4,low,41824,60,personal,employed,0
20,43710,0.4127161319380118,37,11,low,38073,12,personal,retired,0
36,49486,0.38215423764488143,2,5,high,37088,24,auto,retired,0
37,91907,0.27854745860503427,15,9,medium,33112,12,auto,self-employed,1
49,148876,0.44568647106966763,29,12,high,31299,60,personal,employed,0
24,91895,0.32325609983754516,39,4,medium,39457,24,auto,self-employed,0
69,84435,0.315962335800885,1,13,high,35063,60,home,self-employed,0
58,60631,0.11367510637566328,16,11,medium,8917,36,home,unemployed,0
50,149038,0.49467719214286465,11,9,high,7936,60,personal,employed,1
57,121532,0.1491883234118507,34,11,low,41630,36,home,employed,0
56,40103,0.19245236497105866,0,10,medium,19506,24,home,unemployed,1
35,84772,0.1206787348966108,14,3,medium,33805,36,personal,self-employed,0
57,146108,0.35600118673476555,25,8,low,19318,24,auto,employed,0
18,34382,0.189880470789072,36,12,high,31026,24,personal,self-employed,0
28,104291,0.1720041749890894,20,1,medium,32672,48,home,unemployed,0
45,121195,0.13542223368929657,30,11,medium,43417,24,personal,retired,0
42,23756,0.14132358284960628,24,9,high,32281,36,personal,self-employed,0
67,40609,0.3338682801770355,22,9,low,33091,48,home,employed,0
40,134074,0.3752831463466382,23,10,high,43328,48,home,retired,0
48,36478,0.2589515953857604,37,2,high,23610,24,personal,self-employed,0
47,120978,0.2919588326368293,27,4,high,6079,60,home,self-employed,0
59,59666,0.3743870943931936,20,13,medium,34850,60,home,retired,0
52,95683,0.10695191607419186,17,8,low,25590,48,home,retired,0
24,119097,0.22925226282811142,35,7,low,35951,24,home,retired,0
33,144714,0.4892390992281386,34,1,high,20327,60,home,employed,0
43,120420,0.3320448918781872,8,5,medium,17755,24,home,employed,0
65,91315,0.2016898319589973,37,7,high,12235,24,auto,self-employed,0
69,97834,0.30869201865448526,29,4,medium,22197,48,personal,self-employed,0
66,146205,0.23706139524836614,33,1,medium,26473,48,home,unemployed,0
19,34153,0.31289799553051967,31,9,medium,7031,12,personal,employed,0
18,129415,0.15029660472265954,2,14,medium,46282,60,auto,self-employed,0
65,96325,0.15308586152771098,2,5,low,46863,60,home,retired,0
29,129701,0.15741694481575716,27,11,medium,19287,60,personal,retired,0
22,32999,0.47592791677073676,14,2,medium,43679,36,home,employed,0
54,75318,0.3931595673365368,22,8,high,49463,24,home,retired,0
49,20814,0.16495275786492836,39,11,high,37230,48,home,unemployed,0
26,135033,0.1753396335062406,10,13,low,24037,60,home,self-employed,0
58,96077,0.3923317899483506,31,2,high,32052,12,home,self-employed,0
52,110474,0.16246553791686957,35,3,medium,8340,60,home,self-employed,0
36,22443,0.19382451733393147,32,14,high,45644,24,home,employed,0
65,95993,0.48533873312815967,23,10,low,6141,24,auto,retired,0
33,95916,0.20212260989137276,38,1,high,30425,48,auto,unemployed,0
20,93319,0.3646529401484587,33,11,high,24281,36,home,employed,1
37,145885,0.49145251496021214,27,2,low,47049,48,home,self-employed,0
41,129777,0.24971870685591707,36,14,low,25425,60,auto,unemployed,0
50,37368,0.1070063963448249,6,7,medium,39806,12,auto,self-employed,0
41,35328,0.1976589161689497,3,10,high,37113,48,auto,self-employed,0
69,76942,0.43235087653668225,36,2,medium,9270,36,home,employed,0
28,111751,0.44584353438201474,0,6,high,47814,48,personal,self-employed,1
66,119131,0.40740774580951655,0,3,high,9683,24,personal,unemployed,0
25,47306,0.1452439276306292,19,4,medium,44884,60,personal,self-employed,0
53,105451,0.41820414867856126,18,11,high,34809,60,personal,retired,0
55,59915,0.4674711187974018,28,13,high,39552,60,home,self-employed,0
57,57219,0.3402438170184945,9,8,high,8786,60,personal,employed,1
37,100879,0.476350142535226,17,14,low,26650,60,auto,unemployed,0
52,131939,0.430735553484751,27,3,medium,33706,60,auto,employed,0
65,84644,0.36678860679636294,34,10,low,14190,12,personal,retired,0
42,80279,0.3308740946846993,30,6,medium,43196,36,auto,self-employed,0
52,73028,0.2394294668967882,26,1,medium,44449,60,home,employed,0
42,124263,0.16371497809712204,10,7,high,44661,36,personal,employed,0
46,20126,0.34198156907621635,37,8,medium,34709,60,personal,employed,0
35,72329,0.2272446214472478,4,11,low,19892,48,home,employed,0
63,47632,0.4465754670110582,7,14,low,14643,60,auto,retired,1
35,127099,0.49733477494345146,33,8,low,14943,24,home,retired,0
19,85310,0.400971105046229,11,3,medium,48240,12,home,self-employed,0
52,129945,0.1361926781148203,37,14,low,26042,48,auto,self-employed,0
33,75176,0.21547423821225525,0,10,medium,48894,48,home,unemployed,0
58,139797,0.1436438527062999,30,1,low,11869,24,auto,retired,0
53,106066,0.3602046591166863,3,9,low,45437,60,auto,employed,0
50,125500,0.4060763458223139,4,13,medium,49306,12,home,employed,0
21,146413,0.47026993235228476,29,6,low,47833,48,auto,unemployed,0
50,64327,0.27526893856479506,23,11,high,25918,12,home,employed,0
31,88904,0.4605502598353778,2,9,medium,33379,48,auto,unemployed,0
38,23797,0.45115646361653106,10,7,medium,47939,60,personal,self-employed,0
65,67882,0.22687828670615945,3,1,medium,30274,48,auto,retired,0
37,33718,0.4475602502162285,25,12,high,22696,48,auto,unemployed,0
25,54560,0.2502689007526906,26,12,medium,7962,36,home,employed,1
24,96589,0.21874770982411232,26,1,low,18851,60,auto,unemployed,0
20,42116,0.3596298635177573,5,6,low,10296,24,personal,self-employed,0
34,56244,0.23135249115403245,14,5,low,19745,24,personal,employed,0
50,121721,0.3520834993316577,29,9,medium,10730,60,auto,self-employed,0
65,21645,0.3439327221994778,36,2,low,18921,24,auto,self-employed,0
29,67523,0.3253755709393835,36,8,medium,37894,60,personal,unemployed,1
68,144085,0.2521678816931191,36,11,low,10602,24,home,self-employed,1
39,137718,0.3193998886605907,34,5,high,22575,36,personal,employed,0
39,39256,0.3385941899941687,22,2,high,24023,24,personal,self-employed,0
63,121376,0.3182747553981894,5,13,high,20997,48,auto,self-employed,0
47,120158,0.2777677811004806,3,10,high,22750,60,auto,unemployed,0
55,73173,0.10586682281850553,17,11,medium,46979,12,personal,self-employed,0
55,57430,0.33482468308046043,8,11,low,27837,12,home,retired,0
62,59282,0.16737775405708788,28,12,high,19997,60,personal,unemployed,0
68,139719,0.35703038757887584,12,6,medium,44439,36,personal,unemployed,0
25,83374,0.40373773116914646,16,10,high,28067,24,home,employed,0
44,88244,0.30017812365229657,31,8,high,25923,36,personal,employed,1
44,31694,0.3169454659918953,21,4,medium,13876,12,personal,employed,0
51,76264,0.4805914238663965,3,2,medium,7887,60,auto,employed,0
38,95060,0.43886694454902975,4,12,low,47422,60,home,retired,1
47,117416,0.465694606380588,36,11,low,41854,36,auto,unemployed,0
50,77545,0.42550651532783457,12,5,high,41948,36,auto,self-employed,0
45,138195,0.1435673367386926,33,12,high,7841,24,home,employed,0
64,59224,0.1595967423880779,21,2,low,33756,48,home,employed,0
50,122516,0.31064951890758385,22,2,low,11040,48,personal,employed,0
22,117945,0.1984278635191993,2,6,medium,15304,24,auto,self-employed,0
65,33224,0.29067819001646367,33,11,low,35341,48,home,employed,0
36,60738,0.2577461295273401,31,10,low,9758,12,auto,self-employed,0
21,45150,0.31976569537218136,20,9,high,22010,48,auto,unemployed,0
52,83731,0.3987502864543291,20,13,low,36658,24,home,unemployed,0
66,69688,0.3861963628397098,10,4,high,42782,48,personal,unemployed,0
34,119929,0.3084936529941338,38,6,low,6375,60,auto,retired,0
61,128618,0.42895736752682323,3,7,medium,38949,36,home,self-employed,0
45,93509,0.27234483661521336,0,13,low,27092,12,personal,employed,0
47,28577,0.458685715936049,27,11,low,5490,60,auto,employed,0
46,28070,0.12851210802206559,23,6,low,8729,60,home,employed,1
63,146161,0.48186401201332296,34,8,high,10974,24,auto,employed,0
23,28666,0.36187723257253934,12,4,medium,24680,36,home,retired,0
52,77761,0.25202980357488214,33,12,low,23324,36,home,employed,0
58,141178,0.17886165062915094,10,1,high,36334,12,auto,retired,0
54,56368,0.29167329177743995,35,7,medium,26398,24,auto,self-employed,0
41,26783,0.1778233292741204,16,3,high,39650,12,home,unemployed,0
46,131530,0.16653264309725685,34,14,high,26292,48,personal,employed,0
66,61914,0.3469407029651897,17,6,medium,40755,60,auto,unemployed,0
63,90507,0.3092338898327139,39,2,low,43353,12,home,self-employed,0
48,147738,0.36803841384437674,21,9,high,8159,60,home,self-employed,0
52,99026,0.4718423509687957,23,1,high,37626,24,personal,employed,0
50,135893,0.3129040853356161,18,6,low,34351,48,personal,self-employed,0
69,131255,0.33237282130511914,36,6,low,42298,24,personal,unemployed,1
38,130616,0.13585053566197686,38,5,medium,22065,48,auto,employed,0
49,87526,0.38705431436345183,20,13,medium,26638,48,home,retired,0
40,90835,0.2599620827216625,7,5,medium,6073,60,home,employed,0
50,65765,0.4906900954650316,27,1,low,23771,24,home,unemployed,1
20,39956,0.42926960623826416,4,10,high,40461,24,personal,employed,1
35,107895,0.30899241620644735,16,12,high,47330,12,home,employed,1
42,66240,0.14928906166886644,36,5,medium,34320,24,auto,unemployed,0
59,141008,0.4437663173122357,35,2,low,9340,12,personal,employed,0
48,57148,0.41991243816960866,18,7,high,39924,36,personal,employed,0
20,114270,0.1738340518148132,26,3,medium,21184,36,personal,unemployed,0
57,147978,0.21811131568812403,33,13,high,45734,36,personal,self-employed,0
63,24757,0.41736290325913494,10,4,high,7580,24,auto,unemployed,0
41,39097,0.17409137861896387,11,3,low,45025,24,home,employed,0
67,30395,0.4671009956685509,20,3,low,33967,12,auto,retired,0
49,36241,0.26981097007854477,10,4,high,7159,48,home,retired,0
64,123892,0.13481558503506347,38,5,medium,18900,12,auto,unemployed,0
39,47696,0.4262994574017124,27,1,low,16440,36,personal,retired,0
40,135654,0.24940387321535507,4,4,high,19678,12,personal,employed,0
19,90480,0.3105996776615124,16,12,low,17021,48,auto,employed,0
44,66163,0.1449217377644877,19,12,low,11772,24,auto,unemployed,0
59,39816,0.10103360593799296,11,11,low,6627,12,home,employed,0
19,69840,0.3551940823173191,5,8,high,49432,36,auto,self-employed,0
43,122547,0.3060700681334927,16,10,medium,13219,36,auto,employed,0
34,72853,0.3374154276492589,18,7,medium,28464,24,home,unemployed,0
57,44917,0.4174975401522065,25,9,medium,35232,12,home,self-employed,0
50,116731,0.35864236536914407,31,5,low,47481,48,home,self-employed,1
26,41566,0.1699093771309509,5,13,high,13488,24,auto,retired,0
60,95452,0.24430900764423993,35,10,low,39949,12,home,employed,0
65,82823,0.46235644191510417,37,4,medium,49362,60,personal,unemployed,0
56,141392,0.4079778801006716,10,8,medium,44932,36,personal,retired,0
46,40806,0.3226548231746869,32,9,high,23981,48,personal,retired,0
59,95520,0.20225799912370893,23,13,low,5901,48,auto,employed,0
43,21759,0.22082420073391804,22,7,medium,27444,48,personal,employed,0
52,146092,0.39278322703425383,14,14,high,47058,36,auto,unemployed,1
67,61949,0.4404697043411083,26,7,low,23061,12,auto,retired,1
42,112374,0.36856986781224577,10,5,low,7881,24,personal,unemployed,0
41,22482,0.4238119903073767,16,4,medium,34863,12,home,retired,0
30,44442,0.40666245408016244,13,14,medium,10622,24,auto,retired,1
24,53719,0.1598815871827831,26,10,low,6378,48,personal,retired,0
53,78066,0.2695779251653208,17,1,low,22632,12,auto,employed,0
62,113501,0.1611935203314251,27,10,medium,33311,48,home,retired,0
37,22079,0.19409423392079395,3,10,low,10650,60,home,retired,0
18,22717,0.447703849860421,6,7,medium,47224,48,personal,retired,0
25,79676,0.2891567862532729,34,1,low,12036,48,auto,self-employed,0
63,47952,0.31414324073706434,8,1,medium,44255,24,auto,employed,0
33,106444,0.17137838609110884,7,5,high,27499,60,auto,self-employed,1
31,62460,0.22490871441951843,16,13,medium,42016,48,auto,employed,0
29,110397,0.192098467371148,16,9,medium,9603,48,personal,unemployed,0
68,92847,0.1824744658073706,32,6,high,32773,60,home,self-employed,0
40,113607,0.3551843173263881,31,3,low,24937,60,personal,unemployed,0
32,109106,0.20275353905828594,7,13,high,17632,12,auto,retired,0
45,38449,0.3528061944081674,18,3,medium,35607,24,auto,unemployed,0
51,53536,0.12338184564342157,37,7,low,31337,60,home,unemployed,0
19,84077,0.15670975741084076,2,6,high,5220,60,auto,unemployed,0
49,58258,0.20981610160005015,4,9,low,9818,36,personal,unemployed,0
40,68302,0.3388187667582767,12,6,low,12349,60,personal,employed,0
39,145937,0.3703364980349504,30,5,high,10618,24,home,self-employed,0
68,48865,0.27708678671181086,15,10,low,32464,48,personal,employed,0
42,26645,0.2783163658308916,31,7,high,47624,48,personal,employed,0
39,139771,0.3898067405594473,21,1,medium,42344,48,personal,employed,0
39,58000,0.10632843670623299,28,12,low,23255,48,personal,unemployed,0
66,46737,0.23643600978968823,21,7,medium,29299,36,auto,employed,0
69,31485,0.4274828228476931,2,3,medium,6462,60,personal,self-employed,1
59,58565,0.3412877640853489,9,14,low,20905,48,home,employed,0
23,45522,0.23489085310216817,20,9,high,29920,12,home,retired,0
32,139614,0.4622099169318695,15,6,low,21252,48,personal,unemployed,0
60,85155,0.40904909097975306,11,9,medium,46004,60,home,retired,0
54,75168,0.20595817889469337,1,13,medium,45581,48,personal,self-employed,0
50,72487,0.3581159350102868,23,5,high,39836,36,home,self-employed,0
25,149948,0.3383002912755827,34,7,low,10753,24,home,self-employed,0
61,32342,0.2604751656155931,29,13,medium,45005,24,personal,self-employed,0
61,60806,0.24678243168192027,29,14,medium,19175,60,personal,employed,0
22,68770,0.23742418991028158,34,4,medium,11191,24,auto,unemployed,0
56,98623,0.34686231335825873,18,7,high,22898,24,personal,self-employed,0
21,123177,0.27696397459226785,7,13,medium,23982,12,personal,retired,0
23,119785,0.4327452453005688,25,1,medium,19622,60,auto,self-employed,0
62,95629,0.36784104645358473,39,7,low,6001,60,personal,unemployed,0
49,140993,0.12797264228377367,6,8,low,48000,24,personal,retired,0
69,72603,0.35606728953126643,29,5,medium,28283,24,auto,retired,0
47,146944,0.20845897460007393,6,2,medium,26435,24,personal,retired,0
64,132726,0.3371247966613691,2,5,low,32223,36,personal,employed,0
52,101974,0.3720527724413806,0,6,high,42244,48,auto,self-employed,1
57,125947,0.19233167566160483,35,12,high,35024,36,auto,employed,0
69,46399,0.2827434579521475,24,2,high,35734,60,home,retired,1
33,148177,0.17612994512762714,36,14,high,5515,12,personal,employed,0
30,105382,0.12093555031460333,0,6,high,6191,48,home,employed,1
67,101244,0.2513905693943477,14,6,high,37264,12,home,employed,0
59,129575,0.2451777087383968,36,1,high,48628,60,auto,self-employed,0
47,135520,0.49819219628170286,12,14,high,11297,60,personal,retired,0
36,130904,0.27854094047905686,39,1,low,32856,12,personal,retired,0
34,96534,0.23342781978888016,7,14,high,13334,12,auto,self-employed,0
36,75106,0.33219000268666987,4,11,high,29162,12,home,employed,0
45,132599,0.13550695764310738,8,10,high,11008,60,auto,employed,0
43,50678,0.4846662943819253,0,3,medium,12987,24,personal,unemployed,0
54,96218,0.35398401823641323,35,14,low,35966,12,auto,unemployed,0
43,83230,0.4019351279763391,34,10,low,8332,48,personal,unemployed,0
40,134684,0.168191175269567,1,10,low,5787,60,home,self-employed,0
26,94055,0.2637911412020816,39,12,high,43990,36,personal,retired,0
29,76373,0.26907564535847583,22,3,high,14873,36,home,unemployed,0
18,51480,0.42872257756043475,8,4,medium,22006,48,home,retired,0
18,105230,0.10049467190376378,33,2,low,25225,24,personal,retired,1
64,88836,0.22034124334130203,13,9,high,41444,12,personal,retired,0
51,92258,0.49249454973772155,3,10,low,40340,60,home,self-employed,0
49,59986,0.28995461740248746,29,12,medium,44683,12,auto,self-employed,0
65,44160,0.2530105120976033,30,11,medium,10033,60,personal,self-employed,0
42,105595,0.14793160080705856,37,14,medium,12788,36,home,self-employed,0
57,121358,0.4896658514512062,10,7,low,20689,12,home,unemployed,0
62,99111,0.1080105423703298,34,7,high,49220,48,auto,employed,0
18,84929,0.39487209000289725,7,6,high,26598,24,personal,employed,0
33,93506,0.40743992191540335,2,3,medium,42480,48,home,employed,0
56,54911,0.19746268642554665,13,6,high,34703,24,auto,unemployed,0
22,107127,0.3686233774452149,12,14,medium,5066,12,home,employed,0
39,51821,0.137171657751756,31,12,low,12533,12,personal,unemployed,0
46,95039,0.20281890657283197,33,8,medium,20103,24,auto,unemployed,0
20,80535,0.415160795316906,18,8,low,9616,36,home,unemployed,0
29,133453,0.4458744768134161,37,11,medium,43498,60,auto,employed,0
43,104458,0.3433945650639165,15,13,high,48492,48,personal,retired,0
33,32175,0.30273537272819306,1,9,high,16772,48,auto,employed,0
68,139235,0.16372160824759213,39,1,medium,28849,48,personal,employed,0
54,74771,0.12524361323166008,16,14,high,17940,12,home,self-employed,0
39,126660,0.14705961138942347,33,1,high,21932,48,personal,unemployed,0
46,147157,0.19094292003843952,15,3,high,34769,60,home,retired,0
31,141300,0.23666980075876834,37,3,low,29648,60,home,self-employed,0
45,106925,0.2523638102043949,1,10,high,37966,24,personal,retired,0
22,133374,0.23852870743560142,1,8,low,32777,12,home,retired,0
64,86358,0.19562213287890626,25,10,medium,37567,60,auto,unemployed,0
66,37327,0.3038896987006793,12,1,high,22174,36,home,employed,0
47,67057,0.43011444329315873,30,13,high,47598,12,personal,unemployed,0
63,26150,0.2118814153885917,33,2,high,18798,12,auto,unemployed,0
69,24425,0.47695480764089326,38,2,medium,22558,60,auto,self-employed,0
22,143654,0.4493346646895392,2,3,low,49237,36,home,unemployed,0
29,36032,0.16470568454084383,7,13,low,5178,24,home,employed,0
33,22198,0.4145103827028378,22,6,high,25470,60,personal,retired,0
43,80500,0.32983495292710663,13,1,medium,22118,36,auto,unemployed,0
43,73394,0.32663014486856745,26,2,medium,27616,12,personal,retired,0
65,40079,0.25641710522326977,28,13,medium,5798,36,home,unemployed,0
38,56220,0.30046119967280394,38,13,medium,12601,12,auto,retired,0
56,61874,0.2588715109716844,38,1,medium,30363,60,personal,unemployed,0
53,33859,0.3158930475039772,0,5,low,7795,60,personal,self-employed,0
50,70460,0.35118002110905433,16,13,low,36926,48,personal,retired,0
47,51419,0.36972152256361934,29,13,low,42356,48,personal,unemployed,0
54,138865,0.3129924770237705,12,7,high,12297,48,personal,unemployed,0
40,28705,0.38856882693149275,20,8,medium,8084,60,auto,self-employed,0
27,62880,0.15651121971020232,18,10,high,35329,24,personal,self-employed,0
22,149838,0.1847929963608954,18,1,medium,16110,60,auto,self-employed,0
53,43236,0.4274940016297081,24,7,low,5731,36,personal,retired,0
51,107955,0.22901119113856608,21,13,high,6129,60,home,retired,0
69,105514,0.1091575299904481,30,5,low,33022,60,home,self-employed,0
48,123145,0.16151645986721244,16,10,medium,6605,12,personal,employed,0
27,35358,0.1894457737985245,22,1,medium,16970,12,home,employed,0
36,119713,0.48292915515783486,31,3,medium,48705,12,auto,unemployed,0
49,114914,0.32921657157233974,9,7,low,49130,60,personal,employed,0
18,122870,0.47309229619050197,9,10,medium,34265,24,auto,unemployed,0
22,96918,0.33006534019864997,35,1,low,37330,36,personal,retired,0
62,139179,0.29174177605514073,7,7,high,7933,36,home,retired,0
21,136243,0.22549107647763844,19,5,medium,20187,24,auto,employed,0
33,34596,0.34254837777335023,31,1,medium,30791,24,home,retired,0
41,53572,0.15567920984701195,13,1,medium,29900,36,home,self-employed,0
33,98757,0.4593046509170824,27,14,high,10074,48,personal,self-employed,0
19,21279,0.43173296205651346,23,1,medium,31426,12,auto,employed,0
66,83197,0.22701257915069484,14,11,low,44867,12,home,employed,0
45,131496,0.4811190110405178,21,9,low,5893,36,personal,unemployed,0
49,82516,0.43008030696622723,29,11,medium,39158,24,personal,retired,0
44,27083,0.36652275433401593,3,13,medium,24773,48,personal,unemployed,0
37,140674,0.14870476445010994,12,3,high,9239,36,home,unemployed,0
41,140307,0.2912936092192289,22,13,high,25863,12,personal,self-employed,0
29,146457,0.3024430219387003,7,5,high,8432,60,auto,self-employed,0
67,129397,0.19302054334615204,17,11,medium,40139,24,auto,self-employed,0
52,37771,0.1319861577437208,11,10,high,6515,60,home,self-employed,0
50,49975,0.41068945218867714,30,12,high,36670,36,auto,unemployed,0
50,65648,0.14881402084975803,13,9,low,44094,12,personal,self-employed,0
68,145641,0.3377163002247099,33,6,high,19605,48,home,retired,0
60,68285,0.4745796695534642,17,12,low,10586,60,personal,self-employed,0
54,39063,0.450442077039217,33,9,low,40685,48,home,self-employed,0
29,87642,0.21110104949970446,10,8,high,36186,12,home,self-employed,0
20,110093,0.4405794550205061,11,8,low,31928,60,personal,employed,0
18,134390,0.10013300244819577,14,1,medium,37728,48,auto,retired,0
50,106143,0.10707512384530289,30,13,medium,22551,48,auto,retired,0
57,57599,0.34102126553714596,28,9,high,26493,60,home,unemployed,0
27,71920,0.2459192876578118,25,6,medium,25711,12,personal,unemployed,0
60,48529,0.25458433646365886,17,9,low,25039,48,personal,self-employed,0
61,55954,0.325776436271553,31,3,medium,41561,36,home,employed,0
46,47856,0.17671298223674425,21,12,high,14947,60,auto,unemployed,0
30,22573,0.18470214026619136,37,3,high,37335,24,personal,unemployed,0
29,98344,0.29384063480754585,16,6,low,20859,24,auto,self-employed,0
48,55367,0.4017014177375452,22,9,high,28122,12,auto,self-employed,0
63,122337,0.3477991005630351,23,7,medium,6577,36,home,unemployed,1
19,126732,0.21894201929473556,7,14,high,47256,48,home,unemployed,0
68,119608,0.2721348710035685,5,13,low,33350,24,auto,retired,0
67,80774,0.16826590341999936,4,3,high,46932,12,personal,employed,0
52,43752,0.1298519257348327,28,3,medium,38798,36,personal,retired,1
40,75029,0.41307841629765973,27,2,low,36898,36,home,unemployed,0
34,37685,0.20615496367527786,10,9,medium,20881,12,auto,retired,0
43,71693,0.17110655514049927,0,13,low,15785,12,personal,retired,0
25,136739,0.37664722222772773,18,3,high,11691,48,personal,unemployed,0
46,75961,0.3472206697148744,8,11,low,22297,12,home,self-employed,0
43,126937,0.35327585040538567,26,5,low,11358,48,auto,unemployed,0
27,144956,0.19155784193864545,33,14,high,24581,48,personal,self-employed,0
43,96908,0.1930582154250724,3,14,medium,6462,60,home,unemployed,0
51,145537,0.18832105191425566,35,9,high,20511,36,personal,unemployed,0
68,146678,0.1695010382649178,17,8,low,15570,36,personal,unemployed,0
58,94532,0.3622894690246625,14,2,high,49414,36,personal,employed,0
24,101994,0.4392063540997606,12,3,low,20474,60,home,self-employed,0
21,76133,0.3897269878706645,18,2,high,12037,48,auto,employed,1
67,117425,0.4168374535042173,5,8,high,33129,48,home,unemployed,1
62,145055,0.26191937163407997,11,6,medium,47267,12,auto,retired,0
28,81268,0.3616303181487993,36,6,low,18386,60,personal,employed,1
46,112201,0.24169449617790983,16,12,medium,11221,12,auto,self-employed,0
53,58243,0.31020184878745605,22,9,low,28474,60,personal,unemployed,0
42,77384,0.29265393861394495,25,8,high,45537,12,personal,employed,0
38,51653,0.17075485805754176,28,4,low,26045,24,home,retired,1
53,46657,0.2548315041342524,32,12,medium,30783,36,personal,employed,0
27,59952,0.4855289101929404,26,4,medium,45157,36,home,self-employed,0
54,42180,0.19943210308597684,24,9,medium,9922,48,auto,employed,0
26,117432,0.1535214945117955,9,1,low,27706,24,auto,retired,0
41,141829,0.26743224864957416,22,13,medium,47771,36,personal,retired,0
52,148377,0.41613509434405926,20,2,medium,37479,48,home,self-employed,0
66,98411,0.33285929191198893,20,2,medium,10178,24,personal,retired,0
52,21622,0.3723899308952978,12,13,high,35022,36,home,unemployed,0
65,68756,0.1758779392698709,36,13,high,20240,12,home,retired,0
53,60809,0.3475792772030886,32,6,low,31220,60,home,unemployed,0
35,36725,0.2294001579645895,23,4,low,41736,24,auto,employed,0
66,81396,0.43372134638190707,10,13,medium,7716,48,home,unemployed,0
56,71226,0.3517195224042945,16,11,high,21574,24,auto,unemployed,0
49,126296,0.17954251111011837,3,10,medium,22719,48,home,employed,0
41,101182,0.12584667193763446,24,13,medium,13181,24,auto,retired,0
40,102565,0.1170532837148131,29,3,high,49066,48,auto,unemployed,0
49,49402,0.2485634270600563,8,3,high,25213,36,auto,retired,0
54,24263,0.2063404546617254,20,3,high,11380,12,personal,employed,0
29,143489,0.3584360493850033,19,6,low,5615,36,home,self-employed,0
66,116523,0.2997335339914473,18,14,low,5463,12,personal,retired,0
30,66828,0.2064077112021523,18,8,medium,36973,36,home,retired,0
40,140824,0.15969511118007046,11,11,low,14158,36,home,self-employed,0
42,67924,0.15087990507497984,36,7,high,25651,24,personal,self-employed,0
52,94182,0.4458641568561671,16,14,high,8158,60,auto,employed,1
58,113065,0.1973911873619469,36,4,low,25008,48,home,retired,0
47,79052,0.3606842591643874,38,11,medium,9938,48,auto,retired,1
34,31664,0.4242743711945065,27,12,medium,43185,48,personal,employed,0
66,55737,0.3456325244738945,34,4,low,27388,12,auto,retired,0
37,121332,0.44382609265877837,17,11,medium,13881,48,home,unemployed,0
65,109563,0.2569574886113898,13,10,medium,10603,48,home,unemployed,0
42,49373,0.48248887625957937,34,11,medium,39980,24,home,unemployed,0
39,137369,0.1532580016712388,6,11,high,27504,36,personal,retired,0
30,56397,0.14085981186301524,12,14,high,21766,48,home,unemployed,0
36,148575,0.3634768584829774,17,11,low,33386,60,personal,unemployed,0
66,106145,0.4771324565653047,36,2,high,16695,48,auto,employed,1
53,121371,0.4235533846545313,12,14,medium,22796,12,home,employed,0
29,58709,0.1305667437752206,35,1,high,47543,12,home,self-employed,0
58,136074,0.21174708557388655,30,9,low,19559,12,home,self-employed,1
36,81120,0.4721275539351295,1,12,high,43914,48,auto,self-employed,0
29,39250,0.20122337312031383,15,12,medium,38139,24,home,self-employed,0
26,41172,0.4124681695147677,8,2,medium,43333,60,personal,employed,0
24,31555,0.43005287837148154,8,13,low,13802,48,auto,employed,0
45,107410,0.2981808413843927,37,8,high,13307,24,auto,employed,0
31,98617,0.2545395639393262,10,9,high,45205,24,auto,unemployed,0
48,73276,0.2800497729679039,21,4,high,38214,48,auto,unemployed,0
69,77492,0.19078587774614567,32,8,medium,39159,48,auto,self-employed,0
36,73002,0.4557563664515377,35,9,low,16516,24,personal,unemployed,0
64,140103,0.28024786269190316,22,10,high,34086,24,auto,retired,0
33,144938,0.4529837761824399,33,10,medium,35480,24,home,employed,1
22,109599,0.14227739196250966,8,5,medium,49659,48,auto,self-employed,0
52,92355,0.4953101084000525,23,13,medium,43737,24,auto,self-employed,0
29,111248,0.2773092349774473,7,14,high,14265,12,auto,retired,0
42,44762,0.11913232815764219,6,7,high,10454,48,auto,unemployed,0
69,31046,0.11520873929498197,35,10,high,40918,12,auto,self-employed,0
38,116999,0.3984829029927355,17,4,high,31181,36,personal,unemployed,0
53,144130,0.3636142136814723,2,1,high,20386,48,personal,unemployed,0
40,136021,0.420852223251035,27,3,high,44182,36,auto,retired,0
33,48769,0.1421470135811224,5,5,high,42425,24,personal,self-employed,0
56,73302,0.11422834681421934,20,3,high,48254,24,home,unemployed,1
62,43150,0.3034317157790314,27,12,high,29327,60,auto,unemployed,1
59,88247,0.25503809259310783,39,13,medium,26181,24,home,retired,0
56,24853,0.2847787746683823,0,11,high,26452,36,home,retired,0
31,114613,0.49663536354810967,35,7,low,43248,24,auto,unemployed,0
48,140900,0.48829998306826805,20,12,medium,45801,48,home,retired,0
22,109399,0.4769261558692771,34,9,high,38751,24,home,unemployed,0
52,41792,0.4135370707070696,12,12,low,26991,60,home,self-employed,0
40,79129,0.24193654410275617,9,6,high,46311,24,auto,employed,0
46,126019,0.26485237210510865,9,13,low,14916,36,auto,retired,0
60,94478,0.3198464174875698,12,10,low,15143,36,home,employed,0
28,133811,0.432213782561936,36,1,low,30855,24,auto,unemployed,0
35,134130,0.12748513300730713,37,7,low,20581,36,auto,unemployed,0
64,87298,0.26971875435395526,23,3,medium,6907,36,home,unemployed,0
29,51987,0.13304706538370747,1,5,medium,34424,60,auto,employed,0
26,35850,0.3058630346294047,21,10,low,28308,48,personal,unemployed,0
27,32112,0.45956032960249416,16,4,high,46984,60,auto,retired,0
61,141789,0.41299396982557524,35,10,low,46505,12,personal,self-employed,0
34,44058,0.191136967017244,13,5,medium,41942,60,home,self-employed,0
55,65420,0.490396339839517,9,5,high,31957,24,auto,retired,0
24,58890,0.36694015921857137,34,6,medium,30464,48,home,self-employed,0
63,86017,0.10417107975896123,24,14,medium,28649,24,home,employed,0
30,67304,0.20216539387408783,2,10,high,47065,12,home,unemployed,1
57,52921,0.20428531996796662,37,12,low,32125,48,home,unemployed,0
59,125921,0.12770172251434397,16,10,low,39758,36,home,unemployed,0
26,21524,0.4839306072303716,11,13,low,10596,60,auto,employed,1
67,120424,0.2913021178303695,23,13,low,21374,24,personal,employed,0
44,35048,0.4583258389487528,28,11,high,8775,12,auto,employed,0
19,55111,0.22888620137785134,24,6,high,32388,36,auto,retired,0
22,57904,0.15009342817313087,35,8,high,26029,60,auto,employed,0
46,74912,0.2897344439624856,25,8,medium,23445,36,auto,self-employed,0
54,54008,0.1455826538857269,37,11,high,19645,60,personal,retired,0
55,20060,0.294406201191016,0,9,low,36105,48,auto,retired,0
36,94666,0.46811887248776307,19,8,medium,18668,36,home,retired,0
25,103559,0.3083072567336851,27,13,low,20960,36,auto,employed,0
65,75337,0.34659989075803344,15,11,low,16357,36,auto,retired,0
62,130616,0.16265537478952333,16,2,high,42203,48,personal,employed,0
18,33350,0.1174942503519878,39,14,high,20804,12,personal,employed,0
39,44354,0.14432318487192283,27,14,low,19626,60,home,retired,0
69,65186,0.33941263027374624,11,12,low,33132,36,auto,unemployed,0
34,48145,0.13800467959692186,26,10,medium,12951,48,auto,unemployed,0
24,54020,0.25039715597652457,29,12,high,11449,12,auto,retired,0
42,106123,0.32003677618326243,33,11,medium,24065,60,home,unemployed,0
62,126667,0.25546111945193883,36,1,medium,40967,48,personal,self-employed,0
21,95186,0.16547352058612058,5,10,medium,44536,60,home,self-employed,0
53,105469,0.2095165230056426,6,2,low,14130,36,auto,employed,0
23,40581,0.4713270131394308,31,2,medium,28824,12,personal,unemployed,0
48,108929,0.3703929102345421,31,12,medium,46401,48,personal,self-employed,0
36,43051,0.29841913547195464,24,3,low,41993,12,home,retired,1
61,71474,0.10508595599475741,32,10,high,36875,36,personal,unemployed,0
56,111748,0.4969661601957881,6,7,high,11054,12,personal,self-employed,0
44,145995,0.3685819739578573,11,2,medium,39273,12,auto,self-employed,0
27,134618,0.22676899093797798,15,14,low,46821,24,auto,retired,0
43,89626,0.4517074639991353,15,1,high,15832,12,personal,employed,0
36,26960,0.20337264811672726,35,14,medium,34670,60,personal,retired,1
56,55772,0.31760663167310066,12,6,medium,27852,48,home,employed,0
20,41520,0.35442830549193005,6,9,low,28620,24,home,self-employed,0
62,69481,0.1884253485814914,35,3,medium,33307,48,personal,employed,0
30,56408,0.49135891152023836,8,6,high,6551,48,auto,self-employed,0
67,114006,0.39927676239159904,31,3,low,32812,36,personal,self-employed,0
45,148496,0.323125290204428,10,14,high,18799,36,personal,unemployed,0
37,77134,0.17223783927012037,7,13,high,31312,24,auto,employed,0
45,40491,0.12154328279921045,32,1,high,44620,36,auto,employed,0
25,21341,0.2280239330083934,22,14,medium,6449,36,home,employed,0
58,64623,0.4012749343653611,24,13,medium,29426,36,home,retired,0
56,110327,0.20773251932081005,7,12,high,40427,48,home,unemployed,0
18,20338,0.315822488198202,21,5,high,45277,24,home,unemployed,0
20,91431,0.3911788706922973,3,10,low,36551,48,auto,unemployed,0
30,32254,0.14317748585858575,39,14,low,29277,60,personal,retired,1
45,71860,0.37411920644634933,2,13,medium,40489,48,home,employed,0
66,31344,0.1367483550840179,28,11,medium,14637,60,home,employed,0
42,21750,0.48605189685079864,28,4,low,48258,12,auto,employed,1
50,74756,0.29535765202597586,33,7,high,40693,12,auto,unemployed,0
55,87957,0.16027044308395097,33,6,medium,14824,60,personal,unemployed,0
23,125423,0.2369534544134186,27,10,high,31950,60,personal,self-employed,0
61,78053,0.2653665797181046,12,7,low,28488,48,auto,retired,0
62,90855,0.403274004430615,14,5,medium,44008,60,home,retired,0
49,35896,0.3973695144306437,22,4,medium,5215,24,home,unemployed,0
62,75761,0.34477620213493243,25,7,low,45067,12,home,self-employed,0
64,82552,0.1423722850233972,3,7,medium,16523,12,personal,employed,0
38,140075,0.16062774863506946,25,6,low,15364,60,home,unemployed,0
33,97454,0.13750276825822266,39,8,medium,8153,36,home,retired,1
38,146522,0.33086911331502,8,4,low,28834,36,auto,retired,0
28,138681,0.45085537660456165,4,10,medium,39474,60,home,retired,0
54,110600,0.27352020490190876,31,5,high,48066,24,auto,employed,0
53,142732,0.16433926958309847,19,4,high,39335,36,home,retired,0
52,132153,0.32321693005958685,10,12,high,15400,60,personal,employed,0
36,142926,0.4247008867462839,14,1,medium,15345,24,home,employed,0
37,47935,0.39668482460517207,31,12,medium,38896,24,home,employed,0
35,57641,0.4525803118700086,27,8,high,24894,48,auto,unemployed,0
64,49711,0.21116083889954715,21,1,high,33899,24,auto,employed,0
58,90342,0.17758154690710995,16,5,low,45635,36,auto,self-employed,0
66,126896,0.4519265943767755,25,6,low,33229,36,home,retired,0
31,32182,0.3630241251112093,6,6,low,10583,60,home,unemployed,0
32,107833,0.22437157200302169,25,13,high,9897,60,personal,retired,0
48,76276,0.39693922022900374,24,5,high,11001,24,home,employed,1
18,39541,0.4260473537921472,9,3,high,48881,12,personal,unemployed,1
20,114457,0.34599129613645296,18,5,low,9567,48,auto,self-employed,0
33,102310,0.37515364395196604,10,12,medium,14271,12,auto,employed,0
40,64813,0.2501039617770665,12,8,high,16703,24,auto,retired,0
28,57198,0.31547826693721565,7,14,medium,18329,24,personal,self-employed,0
29,28820,0.3096636682904649,39,2,medium,40509,12,home,employed,0
27,44070,0.4392191164523088,3,6,medium,11256,48,auto,self-employed,0
49,89768,0.435985592112873,30,9,low,5228,12,home,employed,0
33,31122,0.4330721877388173,27,8,medium,29746,60,home,unemployed,0
25,100559,0.10441264570498632,10,14,high,21678,36,auto,employed,0
55,93543,0.39981819378755534,0,11,low,42052,60,personal,unemployed,0
29,103441,0.40347055604440196,37,8,high,28185,36,home,employed,0
41,61786,0.3713515291420567,23,8,high,38686,24,auto,employed,0
45,114934,0.4025058631565811,30,13,low,16445,48,home,retired,0
25,119804,0.43678814859868353,25,7,high,38266,12,home,self-employed,0
45,26737,0.28812762164071426,4,8,high,7809,48,home,self-employed,0
53,56062,0.30082008539537886,19,13,low,42729,12,home,self-employed,0
43,74237,0.1498856227645562,10,6,high,46785,60,home,employed,1
25,71571,0.25415035321894475,32,2,medium,41547,60,personal,employed,0
67,45510,0.3573460719647138,37,2,high,47818,12,personal,employed,0
45,39426,0.4121599104589099,26,8,medium,39886,48,auto,unemployed,0
45,57265,0.18688363907648423,33,11,high,11391,12,personal,unemployed,0
54,37850,0.15512915966369417,14,1,low,5145,24,personal,retired,1
58,138249,0.3652168018001969,31,6,low,18929,60,personal,employed,0
53,86150,0.10075195340996426,20,13,high,29326,24,home,self-employed,0
44,107312,0.17134903372293192,4,6,low,34991,60,home,self-employed,0
34,109613,0.1116285521375815,5,11,high,42333,60,auto,retired,0
26,94910,0.16675404714194836,37,4,low,21576,36,auto,self-employed,0
50,72375,0.1725277119702021,21,12,medium,44405,24,auto,retired,0
37,141826,0.2550694379001577,17,11,high,33464,24,home,employed,0
30,55435,0.2609308498746224,13,13,medium,13243,36,personal,self-employed,0
45,116443,0.4497049882440951,9,11,medium,36601,48,personal,employed,0
65,77132,0.30404388499953006,12,13,high,7410,24,home,unemployed,0
46,98945,0.3893619062449145,30,10,medium,6820,12,auto,self-employed,0
30,102050,0.141654943168115,29,3,high,40289,36,auto,unemployed,0
63,149828,0.19017550218547755,2,13,medium,43650,24,auto,self-employed,0
52,115402,0.38117737639147076,29,11,high,39635,48,home,employed,0
23,22983,0.12112158418741124,5,3,high,12465,24,auto,retired,0
35,117241,0.29463906489750125,28,13,low,37439,60,auto,employed,0
68,40662,0.33974758626517354,7,13,high,32314,12,home,employed,0
22,43510,0.3408582576209924,32,1,high,49229,36,personal,employed,0
64,98187,0.10917312450721682,16,3,medium,24583,60,home,self-employed,0
42,60998,0.22884320169167421,10,4,high,32155,48,home,retired,0
19,76846,0.35459626041966164,12,11,low,43871,60,home,unemployed,0
27,114071,0.15959989445969738,10,11,medium,17197,60,home,employed,0
47,26640,0.3781662593312213,30,5,medium,34511,48,personal,self-employed,0
67,64547,0.3983700835254699,27,3,low,20424,60,auto,unemployed,0
62,74620,0.4927876761784581,5,6,medium,5240,36,home,employed,0
22,35317,0.1839367979425638,15,11,medium,9631,24,personal,unemployed,0
50,135608,0.43005226706644606,3,14,medium,14599,60,auto,employed,0
18,27564,0.3081186307674616,34,12,medium,49462,36,auto,unemployed,0
35,47345,0.24938503845766938,25,5,low,29658,24,auto,unemployed,0
49,133824,0.14895070293007118,11,3,low,42845,24,home,retired,0
64,114223,0.394202242595015,10,6,medium,37574,60,home,retired,0
66,143372,0.19434303965747485,36,6,medium,41536,36,auto,employed,1
28,99273,0.2485688007492183,24,14,low,46910,60,auto,self-employed,1
38,94859,0.1250168907589474,17,8,low,12995,48,auto,retired,0
43,100765,0.42054676632780763,18,2,low,30186,24,auto,unemployed,1
42,130017,0.4066354095886574,22,1,medium,34245,60,auto,retired,0
39,94038,0.393446332016925,37,4,medium,27813,24,auto,retired,0
44,143618,0.21977740419675468,17,7,high,18276,36,personal,employed,0
66,72393,0.1693920297063829,25,11,low,24989,12,auto,retired,1
30,86081,0.3550213057880919,5,10,medium,17746,60,home,retired,0
50,145341,0.2984665536452878,3,3,low,49243,60,home,unemployed,0
51,122650,0.17130098676185662,28,3,medium,23557,24,home,retired,0
58,49430,0.3743645084199455,33,5,low,33060,36,auto,unemployed,0
52,95532,0.49645057272852144,16,5,medium,11568,48,home,retired,0
18,47788,0.39888783509681514,15,13,high,40369,36,personal,retired,0
38,115505,0.3959945546742447,1,10,high,24041,60,auto,self-employed,0
65,68543,0.4801251011722367,33,3,low,11080,48,home,retired,0
23,33919,0.1811745470299609,7,9,medium,18854,36,personal,unemployed,0
45,89346,0.32621998596857615,12,4,medium,7159,12,personal,unemployed,0
34,116122,0.4918586860135534,7,13,low,32025,24,home,employed,0
22,59974,0.1661176443880698,29,13,medium,46081,36,personal,employed,0
48,127309,0.3801007837778084,31,3,low,9368,36,home,self-employed,0
22,36371,0.3343240583887608,35,11,medium,39085,12,personal,unemployed,0
55,65084,0.33459163687548277,29,2,low,32094,60,auto,unemployed,0
20,49629,0.3790682510080301,0,10,medium,6230,24,auto,unemployed,0
40,71184,0.4718467691502737,38,13,low,22517,36,auto,self-employed,0
54,81916,0.4130327759405352,16,11,medium,28991,48,auto,unemployed,0
54,147293,0.12245444136648401,19,9,high,6301,36,auto,employed,0
27,93972,0.44109120795028456,23,4,medium,33610,24,home,self-employed,0
27,82187,0.19021653197029306,21,3,low,20927,36,auto,employed,0
36,32984,0.2507656658945488,28,7,high,39678,12,auto,employed,0
34,53039,0.28469312544495284,21,8,medium,29466,36,auto,self-employed,0
38,105431,0.29236240030122784,8,11,high,19904,36,auto,retired,0
31,103691,0.2740721597021427,36,14,medium,45875,48,personal,retired,0
26,78606,0.47494131768634584,9,2,high,31081,12,auto,employed,0
63,30616,0.38240760306560984,35,7,low,29354,12,auto,retired,0
18,122665,0.3524682583826826,36,12,medium,32761,36,home,unemployed,0
68,125373,0.11993681111317663,27,5,medium,23300,48,personal,self-employed,0
62,70072,0.46156533210414985,27,11,low,34491,36,home,employed,0
30,44574,0.4637560768033585,20,5,high,40525,36,auto,unemployed,0
21,23430,0.41208522537204095,23,3,low,31532,24,home,retired,0
18,139123,0.10281168152544767,39,5,low,11464,24,home,unemployed,0
66,32676,0.12291210043104935,1,12,high,21562,48,auto,retired,0
57,30816,0.1900894809073959,7,2,low,46856,60,personal,employed,0
49,52733,0.1525397632579627,26,4,medium,47511,24,personal,unemployed,0
51,105680,0.2595344118814918,21,6,medium,13683,60,home,self-employed,0
45,22050,0.4690492232351159,36,1,medium,37634,12,auto,employed,0
48,129996,0.2888241736787993,26,10,low,5060,24,home,unemployed,0
25,53933,0.10536105057286625,28,4,medium,14269,24,home,unemployed,0
56,44951,0.2130982758315048,2,6,medium,28065,48,home,retired,0
43,52413,0.11783796334918462,12,9,medium,7895,60,auto,employed,0
51,54801,0.11451504904540087,9,14,medium,20323,24,auto,employed,0
20,75619,0.21028794123822092,35,11,medium,17352,24,personal,employed,0
67,52913,0.2102449354715782,8,11,medium,49643,48,auto,employed,1
29,132573,0.4148506410406416,26,13,low,43591,48,home,retired,0
18,139076,0.48993386111244475,33,2,medium,35890,60,home,self-employed,0
61,60600,0.24848283755599931,0,11,medium,37016,12,personal,employed,0
22,77775,0.27155475154441544,31,7,high,16962,12,auto,retired,0
47,110816,0.43791577451440855,24,6,low,38302,36,home,self-employed,0
47,149972,0.20725560803820536,28,2,low,24846,24,personal,self-employed,0
34,110093,0.1625527217613792,6,8,low,9011,60,personal,retired,1
65,132590,0.4412358493614602,2,7,low,24782,24,home,employed,0
64,55400,0.1186002345760262,19,11,medium,7155,60,home,self-employed,0
40,24494,0.3478797760797663,19,5,medium,44725,60,auto,employed,0
32,100688,0.3247971389867227,29,12,high,14196,60,personal,employed,0
54,142744,0.23836817900067772,34,5,high,48459,24,home,unemployed,0
38,109431,0.2260758084389436,34,7,low,26709,48,personal,employed,0
31,94691,0.40874309047264856,38,9,high,18327,24,auto,unemployed,0
19,117419,0.13456984430501862,26,11,high,40474,60,home,self-employed,0
28,128730,0.19471372372455417,25,9,low,37769,36,auto,retired,0
68,63001,0.3929794927352359,13,9,low,46993,12,personal,unemployed,0
56,87364,0.3193282334905697,16,6,high,29700,60,auto,retired,0
55,144988,0.15119528341343458,17,10,medium,19820,36,auto,self-employed,1
51,65028,0.45285424571282407,28,6,high,15891,48,personal,employed,0
55,127434,0.2573791386254366,19,3,high,39629,60,auto,self-employed,0
67,117659,0.4311473501288692,26,1,medium,10269,36,personal,retired,0
51,57573,0.41508520621108347,17,7,medium,48880,60,home,self-employed,0
35,20806,0.3497701785886912,3,4,low,13320,24,personal,employed,1
47,144343,0.2977924525180372,0,1,low,15740,36,personal,self-employed,0
32,76638,0.4918203361527028,0,8,high,40897,24,home,employed,0
44,148301,0.15798602895192682,25,12,medium,35930,24,personal,unemployed,0
68,146295,0.390062291020446,19,6,low,22285,36,home,retired,0
51,126506,0.1764762805859156,22,6,high,19380,12,home,employed,0
69,49757,0.23530524213293935,9,2,medium,16360,36,personal,employed,0
55,54636,0.2234794973492781,10,1,high,10398,12,auto,self-employed,0
50,100097,0.4788143950954892,4,13,low,10529,60,auto,unemployed,1
41,68280,0.4869424711153101,0,14,low,34062,60,home,employed,0
32,44262,0.17320617769389085,16,14,medium,41686,36,auto,unemployed,0
47,100435,0.10881406411900169,21,2,high,22451,60,auto,unemployed,0
59,82211,0.3880032158652452,33,4,medium,11937,48,personal,self-employed,0
68,74842,0.26719597354819374,28,2,low,44886,24,home,employed,0
34,148583,0.13553609803502575,3,1,low,15860,24,home,self-employed,1
22,76979,0.37350164223081705,4,7,high,30142,12,personal,retired,0
46,134524,0.3180422113042799,10,11,high,30279,60,auto,retired,1
21,101470,0.4922067288004425,20,11,high,43106,12,home,employed,0
27,58197,0.19096379834455157,34,12,medium,40908,24,auto,unemployed,0
34,61844,0.2615911505306193,11,8,high,45764,24,home,employed,0
27,84754,0.3170183213581692,25,6,high,19201,60,home,employed,0
34,121868,0.4166799953813407,18,4,low,45544,48,home,retired,0
37,54157,0.31953546268802346,6,14,low,42711,48,home,retired,0
41,97129,0.3451600643447797,6,6,high,13997,60,auto,unemployed,0
22,60042,0.1904588206359763,25,3,high,45566,60,auto,unemployed,0
51,81665,0.4387674912354239,39,12,low,25175,12,auto,employed,1
23,135512,0.2714522187881903,4,8,high,45860,60,auto,self-employed,0
19,136953,0.15638385100870772,20,10,medium,8225,48,personal,employed,0
30,102856,0.36567516580216697,13,14,medium,49578,60,home,unemployed,0
60,47376,0.186436181274123,3,13,medium,40228,12,home,self-employed,0
60,129049,0.1390250040957199,22,13,high,46505,12,home,retired,0
65,75554,0.444794763361709,19,2,low,28110,12,personal,unemployed,1
28,34199,0.2840649057953759,14,5,high,15754,12,auto,unemployed,0
68,138533,0.3997134850783106,28,1,high,31655,36,home,self-employed,0
64,101412,0.21623502392254204,7,6,low,48601,60,auto,unemployed,0
40,70948,0.41478805396706653,18,2,low,8114,24,auto,unemployed,0
33,93781,0.14477437080861214,38,4,low,31502,60,personal,unemployed,0
48,92750,0.2423893495179411,27,6,medium,25028,36,personal,unemployed,0
28,86262,0.49122472718941146,26,10,high,22587,12,auto,unemployed,0
33,137424,0.4175958865472025,3,11,low,47719,36,home,unemployed,0
25,66600,0.2989023721258753,14,8,high,40333,48,home,unemployed,0
21,96898,0.23591098862475404,34,12,medium,8174,48,personal,unemployed,0
57,82483,0.44885428000899064,36,8,medium,40398,60,personal,retired,0
21,38297,0.3179391036338063,0,11,low,40929,60,personal,unemployed,1
42,50448,0.4033700071476445,2,6,low,9321,24,personal,retired,0
20,46172,0.40164307212646566,23,4,high,35435,24,personal,retired,1
49,62874,0.10717827142739673,26,8,low,12099,48,personal,employed,0
20,27657,0.1505015131170454,39,13,high,28760,12,personal,employed,0
44,104386,0.36385174655789687,35,8,low,16360,36,home,retired,0
46,145617,0.16464792451434856,33,10,high,15313,24,personal,retired,0
49,45425,0.2021973378622419,28,14,high,25462,24,personal,unemployed,0
67,46685,0.4786551816798429,23,1,high,10801,12,home,employed,0
68,142000,0.32407290334996475,23,4,high,19130,12,home,self-employed,0
36,132855,0.40029180279973886,3,4,medium,19271,60,auto,employed,0
38,44578,0.32319229551305595,2,7,high,21075,36,personal,retired,0
22,48831,0.3210054459130901,33,14,low,41919,12,personal,retired,0
35,27906,0.13766076405027916,22,14,medium,46679,24,personal,unemployed,0
45,81413,0.23746527704364123,22,11,medium,23984,24,personal,unemployed,1
59,74028,0.2129723594746047,4,7,high,27559,48,auto,employed,0
39,27287,0.2562913462454453,30,13,medium,17861,12,home,unemployed,0
38,53660,0.4193376752897313,5,11,high,38434,60,home,self-employed,0
23,95758,0.24877306716674596,36,8,low,21667,36,personal,self-employed,0
18,80504,0.2806787276926731,9,11,high,10840,60,personal,unemployed,0
22,79720,0.2589525561941266,39,5,medium,8565,24,personal,self-employed,0
58,122979,0.13736318879011825,6,7,low,48194,60,auto,self-employed,0
29,54701,0.27642886330031347,38,8,high,25977,24,auto,employed,0
43,103300,0.17824370921780602,37,9,low,26118,24,home,self-employed,0
63,130177,0.17468931830921658,20,3,low,27641,24,personal,retired,0
51,37674,0.13761444177370655,19,3,medium,12366,24,personal,retired,0
66,103560,0.2426683896567059,2,4,low,31636,24,personal,employed,0
31,131543,0.40299275391576694,21,5,medium,20630,48,personal,unemployed,0
43,43874,0.21057667623335843,3,10,low,25056,60,auto,employed,0
62,63642,0.22493964075420544,27,1,high,12382,48,home,unemployed,1
44,143867,0.3570698630689695,11,7,low,21149,48,home,unemployed,0
26,117820,0.17833632503476757,37,9,high,5992,12,auto,unemployed,0
43,85160,0.4587831721694138,35,8,high,11858,12,personal,unemployed,0
64,37602,0.3080762093006218,4,5,low,7121,12,home,unemployed,0
39,123320,0.27904117612808677,12,14,high,32160,36,home,employed,1
64,108801,0.32312807677168054,22,14,low,25906,12,auto,unemployed,0
47,45931,0.1664137253664782,29,4,low,24572,60,personal,self-employed,0
60,114377,0.34538925545567056,36,12,high,9136,48,home,self-employed,0
65,49192,0.2452402946536042,24,7,high,21727,60,personal,unemployed,0
34,66542,0.45887453638584763,26,5,medium,37167,12,home,self-employed,0
43,147015,0.16754168267107444,13,7,high,20479,36,auto,retired,0
53,62520,0.30282044154617643,35,12,medium,36376,36,personal,employed,0
18,84772,0.3392450517476072,38,1,high,9823,48,auto,employed,0
25,78762,0.1133534407145525,15,1,low,9920,60,home,unemployed,0
66,70106,0.24547724990245612,21,10,high,24585,24,auto,unemployed,0
52,101121,0.3930540938803332,20,14,low,43239,60,auto,retired,1
69,45559,0.4281510029795893,20,13,low,22272,12,auto,unemployed,0
32,125595,0.22526479792691295,7,3,low,31619,24,home,self-employed,0
64,53742,0.4194373089531005,15,14,medium,14533,36,personal,retired,0
39,89669,0.48710235084135556,30,11,high,44895,48,auto,self-employed,0
31,100199,0.4427495744300377,9,2,low,8720,48,personal,employed,0
43,41754,0.14705759526373008,31,2,low,24267,36,home,self-employed,0
45,23972,0.3958921328342163,33,7,medium,20696,12,personal,employed,0
40,90831,0.2278667329762179,8,12,high,34968,36,auto,self-employed,0
31,132217,0.49536639576483066,16,10,high,28345,12,auto,employed,0
41,61873,0.2941435932639549,10,2,medium,30693,24,auto,unemployed,0
19,114661,0.14897355934357642,31,11,medium,24385,36,auto,self-employed,0
62,126532,0.3900742192109563,9,4,high,23122,12,auto,employed,1
43,146267,0.22920447935448554,21,2,medium,6364,24,auto,self-employed,0
31,29903,0.49883126283266466,16,6,high,7708,36,home,retired,0
68,23020,0.49191298314180876,3,8,high,17982,48,home,unemployed,0
24,61755,0.3624536072082323,24,10,low,22308,36,home,employed,0
20,105956,0.15193057958068704,20,4,low,37919,60,personal,retired,0
64,106988,0.37474439907001167,36,5,high,30161,36,personal,self-employed,0
40,65648,0.1372121945840109,37,4,high,40089,60,home,retired,0
63,123537,0.11174566364095694,0,3,high,18865,24,personal,self-employed,0
60,145991,0.42918337848859445,24,5,high,5495,36,personal,unemployed,0
64,29516,0.18390117907347256,35,14,high,49755,24,auto,retired,0
62,132863,0.251610850487639,16,9,high,7148,24,auto,unemployed,0
35,135005,0.4893829559904693,23,8,medium,38324,12,personal,employed,0
55,22396,0.23473620074444132,1,8,high,18393,24,personal,self-employed,0
